name,words,intro
天渊,541.2万,（番茄搜天渊动画，看首支pv，与陈青源共赴九世红尘劫）
开局长生万古，苟到天荒地老,596.7万,【已出版实体书】【非爽文+平淡日常+轻松诙谐+无女主+无刀子+苟王】入坑谨慎。
星武纪元,506.1万,许进只是在九盏星灯前拜了几拜，就来到这方能够接引星光入已身的世界，然后，他又在九盏星灯前拜了拜.....******《基因大时代》《造化之王》《掌御星辰》这三本小说，最高订7万+，最低高订3万+，最低均订7600+，本本400万字往上，人品保证，请放心入坑。
仙武帝尊,941.5万,九千年前，仙武帝尊率领百万神将打入太古洪荒，却无一人归来，只有一缕真火遗留世间。
诡秘之主,446.8万,诡秘之主动画已经在腾讯视频上播出，欢迎大家前去观看！蒸汽与机械的浪潮中，谁能触及非凡？历史和黑暗的迷雾里，又是谁在耳语？我从诡秘中醒来，睁眼看见这个世界：枪械，大炮，巨舰，飞空艇，差分机；魔药，占卜，诅咒，倒吊人，封印物……光明依旧照耀，神秘从未远离，这是一段“愚者”的传说。
凡骨,776.6万,世间灵骨，共分四品。
娘子，你不会真的给我下药了吧,485.6万,大干末年，恶霸横行，战乱四起，民不聊生。陈解穿越而来，发现自己竟然是个嗜酒的烂赌鬼，家里还有一对苦命的姐妹。姐姐苏云锦是自己的妻子，还有一个五岁的小姨子苏云睿。家里已经穷的揭不开锅了，就在这时却见自家漂亮娘子，笑脸盈盈的给自己端来了一碗热粥。“夫君，昨日是我不对，您喝点热粥吧。”看着娘子脸上被打的淤青，陈解感觉这件事不对劲。叮~【每日情报已更新】【1.你昨日赌钱，把家里最后三亩良田输了，喝醉了的你回家打了苏云锦一顿，并要把五岁的苏云睿卖了，换钱翻本。】【2.苏家姐妹相依为命，苏云睿是苏云锦的唯一希望。】【3.苏云锦已萌生死志，三日前用母亲遗留下来的头钗换了一包砒霜。】……砒霜！看着递到自己嘴边的热粥，陈解抬头看向自家娘子，只见她脸上淡淡的淤青，看向自己的眼神躲躲闪闪，不敢与自己对视。“娘子!”“嗯?!”“你不会给我下药了吧?”
惊鸿,848.2万,『传统玄幻』『非后宫』世间有一楼，名为《烟雨楼》，烟雨楼主李庆之，有着绝代天骄之称，黑夜之中执掌生死，然而，世人所不知的是，烟雨楼背后还有一人，方才是烟雨楼真正的创始人，以纨绔子弟的身份为掩饰，拨弄风云，布局天下！
反派：我的弟弟是天选之子,428.9万,《贱萌反派+爽文+腹黑+轻松+老六+无节操+非无敌文》
系统赋我长生，我熬死了所有人,456.1万,以生命之外的身份，去观察时间长河中修仙者的红尘情仇。
玄幻，我顿悟了混沌体,329.1万,萧云的系统只会一个功能——顿悟！体质平凡？顿悟混沌体！功法难修？顿悟圆满境界！神通难修？顿悟圆满境界！没有什么是顿悟不能解决的，如果有，那就顿悟十次，百次……
师弟们都是大佬，那我只能开挂了,163.9万,二师弟是位面之子
史上最强炼气期,1447.9万,修炼了将近五千年的方羽，还是没有突破炼气期……
异世界：我的人生开了挂！,593.6万,【吸血鬼，狼人，科技，魔药，鬼怪，生化人，占卜，傀儡，只要是你能想到的所有的可怖元素，这个世界都有。】
双生神级武魂，震惊妖帝老婆！,630.0万,【多女主➕震惊热血＋“反差”仙子妖精＋搞笑雷人“孝子”】
保护我方族长,666.9万,穿成【玄幻世界】的【族长】，从家族角度描绘尽量真实的玄幻世界，种灵田、养灵鱼、全面发展各种家族产业，扶植咸鱼长辈成老祖担当保护伞，激励小辈勇闯圣地学宫出人头地。本文家庭成员和睦团结，齐心协力，一起共创未来。非热血战斗式玄幻，以提升各项家族产业，资金、设施、家仆、家将、族人、客卿、姻亲等元素为主。力图从新鲜的视角去看”老套“的玄幻世界。剧情讨论群：837185062
开局长生不死，谁都以为我无敌,627.7万,陈长安跟在美女师父身边万年之久，不老不死，却始终无法修炼，最终被师父赶走，带着伙伴麒麟大黄，游历人间，回归陈家，获得天生胎珠，终得修炼之法。
人族镇守使,1219.2万,重活一世，沈长青成为大秦镇魔司一员，此时恰逢妖魔乱世，诡怪猖獗——斩杀幽级诡怪，纯阳功圆满！斩杀怨级诡怪，天武罡气圆满！斩杀强大妖邪，打破自身极限！斩杀——若干年后，沈长青化身人族镇守使，诸般妖魔诡怪尽皆俯首！“有我一日，人族不灭！”——有四百万字完本老书《我真的是正派》以及二百万字完本老书《重生之独步江湖》，欢迎阅读！
别人练级我修仙，苟到大乘再出山,270.1万,【模拟器+修仙+种田流+苟道流】一朝穿越，苏醒来到数据化的高武世界。这个世界拥有名为职业者的超凡强者，职业者被“上天”眷顾，下副本、杀怪物就能提升等级、实力。苏醒转职成隐藏职业修仙者，却因未知原因，无法像其他职业者那般获取经验、提升等级。无法升级、便只能修炼……可在这灵气枯竭、修士近乎灭绝的末法时代，获得灵气都成为奢望。大学四年，苏醒依旧是个小小的练气境，连毕业都困难。所幸觉醒金手指“人生模拟器”，支付能量便能模拟未来，并能将模拟中得到的修为、道具等带回现实世界。奈何在模拟的未来中，异族大举入侵现实，人族一朝覆灭。此等绝境之中，苏醒选择苟住发育，种灵植、炼丹药、提修为、提升人族整体实力……不断通过模拟器强大自身，成为隐藏在幕后的大佬，默默对抗着异族入侵……ps：是模拟器文，偏向于苟道稳健、种田发育、幕后流……
天道图书馆2天命永恒,140.5万,《天道图书馆》第2部。网文圈四大逼王之一的张悬，进入了比神界更高位面的【源世界】，借助蕴含天道有缺、天道有序、天道自然三种能力的完整版天道图书馆，征战（zhuangbi）天下的故事。寻命、认命、知命、立命……你们都还在修命、找命、借命，而我张悬，天命永恒！
我的师兄太强了,642.9万,原书名《我的师兄太强了》
灵墟，剑棺，瞎剑客,727.8万,【无系统】【天才剑道】【热血】【杀伐果断】
惜花剑,484.5万,他初出茅庐，却被神佛追杀，成为全天下赏金最高的通缉犯。他本心善良，却遭小人诬陷，阴差阳错地当上了四大采花盗之首。在世人眼中，他横行霸道，他无恶不作。最胆大的女孩子听见他的名号，也会吓得瑟瑟发抖。在最初穿越到云梦世界的那天，江晨绝对没有想到，自己会以这样的方式，名动天下。当他决意反抗命运，究竟会沦为一个祭品，还是成就一段传奇？浴血夜仗剑，且行且高歌。披一肩残月，踏万界山河。—————————————本书又名《她们说我坏》《得罪了佛祖还想跑》《我真不是魔头》《一剑劈开生死路》本书原名《梦中强吻女帝，被找上门了怎么办》
开局移植妖魔心脏，成为绝世凶物,509.2万,（无系统，多女主，亦正亦邪）
斗罗大陆IV终极斗罗,432.1万,一万年后，冰化了。斗罗联邦科考队在极北之地科考时发现了一个有着金银双色花纹的蛋，用仪器探察之后，发现里面居然有生命体征，赶忙将其带回研究所进行孵化。蛋孵化出来了，可孵出来的却是一个婴儿，和人类一模一样的婴儿，一个蛋生的孩子。
宿命之环,377.0万,诡秘世界第二部。1368之年，七月之末，深红将从天而降。
一剑霸天,856.4万,【大神小号、单女主、杀伐果断，强烈推荐！】
修罗天帝,850.2万,八年前，雷霆古城一夜惊变，少城主秦命押入青云宗为仆，二十万民众赶进大青山为奴。八年后，淬灵入武，修罗觉醒，不屈少年逆天崛起。给我一柄刀，可破苍穹，给我一柄剑，可指霄汉。金麟岂是池中物，一遇风云便化龙。当修罗子、不死王、雷霆战尊、古海蛮皇等等一个个封号落在秦命身上，这个一身傲骨的少年踏天而行，带领一众挚友红颜，傲战八荒，横扫六合，谱写一曲可歌可泣的热血战歌。
你们都追女主？那女魔头我娶走了,368.1万,（单女主-日常贴贴-保证糖够-有修炼体系-背景宏大）
九星霸体诀,1807.4万,是丹帝重生？还是融合灵魂？
开局成为首座，签到极道帝兵！,546.8万,【轻松日常+无敌+靠山宗+打不过就叫人+老六+不讲武德+长生】
上城之下,265.3万,【实体书已签约，可放心食用】
天下游鱼,754.4万,沧澜江畔，少年郎蓑衣斗笠，一手持酒，一手钓竿，心不在天下，人却在江湖……
我开的真是孤儿院，不是杀手堂,301.2万,【全站唯一脑洞武侠群像文！】
提前登陆游戏世界，开局联姻女帝,271.0万,【提前穿越+权谋+王朝争霸+魅魔+诸天融合】
不是，我电子女友咋修成剑仙了,222.9万,【已签出版放心食用】【单女主】【新题材】【云养女友+氪金强化】
丹道第一圣,188.0万,作为满级炼丹师，丹药当饭吃不过分吧？
武碎星河,793.3万,神明在星空俯瞰，恶魔在地狱咆哮。
玄幻：开局一身无敌大招,522.7万,罗天穿越第一天，就得到了九卷天书。
万世之名,355.5万,乱世求生，盛世求名。饱经风霜的大禹朝仍处于盛世年间。西北有少年徒步九千里，孤身斩大妖，争一世功名。龙湖，有不世宗师赶赴人间，开宗立派，百世留名。帝都有圣人传道万千，教徒遍布各州，流芳千古。而在青州城内，一座将门世家院落中。有个孩童却整日不务正业，只知下棋作画，垂钓弹琴。多年后——……剑起龙烟三千里，一剑斩尽九洲城！世间万法，唯我，入道也。……继《超神宠兽店》《黑暗王者》《永夜神行》《重启末世》……最新力作，欢迎品尝。【轻松幽默】【武道面板】【艺术大师】【腹黑】
开局混沌剑体，打造不朽仙族,462.4万,【系统+无敌+爽文+培养家族+不服直接干！】
儒道至圣,768.0万,这是一个读书人掌握天地之力的世界。才气在身，诗可杀敌，词能灭军，文章安天下。秀才提笔，纸上谈兵；举人杀敌，出口成章；进士一怒，唇枪舌剑。圣人驾临，口诛笔伐，可诛人，可判天子无道，以一敌国。此时，圣院把持文位，国君掌官位，十国相争，蛮族虎视，群妖作乱。此时，无唐诗大兴，无宋词鼎盛，无创新文章，百年无新圣。一个默默无闻的寒门子弟，被人砸破头后，挟传世诗词，书惊圣文章，踏上至圣之路。感谢阅文官方书评团提供书评支持！
斗罗大陆III龙王传说,495.1万,伴随着魂导科技的进步，斗罗大陆上的人类征服了海洋，又发现了两片大陆。魂兽也随着人类魂师的猎杀无度走向灭亡，沉睡无数年的魂兽之王在星斗大森林最后的净土苏醒，它要带领仅存的族人，向人类复仇！唐舞麟立志要成为一名强大的魂师，可当武魂觉醒时，苏醒的，却是……旷世之才，龙王之争，我们的龙王传说，将由此开始。
寒门小甜妻,227.9万,赵策一朝穿越到大明，穿越成了个声名狼藉的穷酸书生。
九龙神帝,565.3万,大帝苏尘，十大封号武帝排名第一，横扫无敌，万古无双，即将飞升成神之时，遭好友背刺而死。
夜无疆,308.8万,那一天太阳落下再也没有升起…………………
人生模拟：让女剑仙抱憾终身,100.6万,【第一次模拟，你穿越到修仙世界】
雪鹰领主,360.3万,在夏族的安阳行省，有一个很小很不起眼的领地，叫——雪鹰领！故事，就从这里开始！**继《莽荒纪》《吞噬星空》《九鼎记》《盘龙》《星辰变》《寸芒》《星峰传说》后，番茄的第八本小说！
大荒经,731.7万,众所周知，《山海经》其实是一部菜谱。
禁忌神王,358.9万,楚家天命麒麟子，年少被人以一杯毒酒，毁掉天赋，沦为大教弃徒！
玄幻：长生神子，何须妹骨证道！,323.9万,短剧同名已上线！
不朽凡人,368.5万,在这里，拥有灵根才能修仙，所有凡根注定只是凡人。莫无忌，只有凡根，一介凡人！
说我是反派，污蔑竟然成真了！,391.9万,【玄幻脑洞+系统+反派+不圣母+杀伐果断】
太古神尊,1572.2万,造化神朝太子叶风，身份尊贵，可惜天生废人，无法修行，在外敌入侵，造化神朝覆灭之际，无力反抗，屈辱被杀，却离奇的在三千年后重新复苏，竟意外觉醒神帝血脉，打破命运的诅咒，从此踏上了逆流而上的茫茫征途！“三千年前的敌人，如今已如神灵般高高在上，是屈服妥协，还是战斗到底？”
我的法宝都是规则系,270.1万,“孙宗主，贵宗现为北地修界鼎鼎有名的剑宗，请问您如何评价许院长。”
榆仙,526.1万,【无系统，无后宫，传统仙侠，杀伐果决，凡人流。】
开局，大帝师尊求我争夺序列弟子,355.5万,【系统＋无敌＋诸天万界＋护犊子＋宗门护犊子＋杀伐果断＋老六】
万古第一废材,851.9万,【无敌、热血、快节奏、爆更、亿万读者强推！】十万年前，人人如龙，皆可修炼武道，劫变之后，天道崩塌，诸神陨落，只有一尊轮回古塔遗留世间。
一剑一酒一乾坤,468.4万,【剑道+酒仙+玄幻仙侠+单女主+互宠+人族求生】一年前，少年看父亲背剑斩妖救人族，一去不回。一年后，少年一剑一酒入青云，受尽冷落，困居桃花林。那一把父亲称作【守护之剑】被立在青云门最显眼的位置，被世人称作【耻辱之剑】。十八岁时，少年斩尽满山桃花，于世人面前拔出那一把守护之剑，那一刻，嘲笑他的人皆丧于剑下，剑出鞘，妖族颤栗，魔族胆寒，仙人震惊！
永恒之门,674.8万,神魔混战，万界崩塌，只永恒仙域，长存世间。
让你修仙，没让你祸害修仙界啊！,188.0万,【搞笑】【老六】【轻松】【无厘头】【越往后越好看】
蛇仙：开局吞噬仙帝,459.2万,村里的老蛇误食人丹，开启灵智，从此踏上修仙之路。一尊神秘的小鼎，一卷化龙的功法，蛇之一生，短短十载，只争朝夕。
盘龙,336.5万,楼房大小的血睛鬃毛狮，力大无穷的紫睛金毛猿，毁天灭地的九头蛇皇，携带着毁灭雷电的恐怖雷龙……这里无奇不有，这是一个广博的魔幻世界。强者可以站在黑色巨龙的头顶遨游天际，恐怖的魔法可以焚烧江河，可以毁灭城池，可以夷平山岳……这本书，讲述了一个拥有‘盘龙戒指’的少年的梦幻旅程。
长夜余火,281.2万,灰土上所有人都相信，埋葬在危险和饥荒中的某个遗迹深处，有通往新世界的道路，只要能找到一把独特的钥匙，打开那扇门，就能进入新世界。在那里，大地是丰饶的，就像流淌着奶与蜜，阳光是灿烂的，似乎能洗去寒冷和阴晦。人们不用再面对荒芜、怪物、感染、畸变和各种危险的事物。在那里，孩子是快乐的，成人是幸福的，一切都是美好的。灰土上每一个古物学者、遗迹猎人和历史研究员都知道，这里就是新世界。
无敌皇子，开局迎娶女杀神,346.5万,叶枭，大乾三皇子，武道天资无敌，十四岁入江湖，一游十载。
天域丹尊,1136.3万,一代丹帝重返十五岁，这一世，不仅要弥补前世所有遗憾，更要成就武道至尊！比功法？我的小弟人手一本神级功法。比丹药？我的极品丹药拿来喂狗。天才？凡是遇到我的天才，全是被碾压的命！顺我者昌，逆我者死！
小师弟要逆天,388.4万,一场机缘巧合下，陆长生被带入宗门，成为青云峰小师弟
玄幻：一脉相承，主打仗势凌人,202.5万,【轻松+搞笑+无敌师承+悍匪系统+靠山王+全宗老六+团宠+仗势凌人+不是很正经的修仙，纯镐子~】
混沌天帝诀,1614.1万,太古异兽利爪捏碎诸天星辰，域外邪族发出惑乱众生的嘶鸣，黑暗深渊中的妖魔睁开了邪异的血瞳，远古诸神从沉睡中苏醒。这是一个大争之世！人族强者以利剑问鼎苍穹，在诸天万族中挺起不屈脊梁！楚剑秋偶得混沌天帝诀，从微弱中崛起，踏上万界征程。一念崩星海，一念裂苍穹。一念诛妖鬼，一念葬神魔！俯瞰诸天神域，谁敢争锋？这，就是天帝之威！
武神主宰,1353.3万,天武大陆一代传奇秦尘，因好友背叛意外陨落武域。三百年后，他转生在一个受尽欺凌的王府私生子身上，利用前世造诣，凝神功、炼神丹，逆天而上，强势崛起，从此踏上一段震惊大陆的惊世之旅。
看见血条的我，选择打爆世界,238.4万,世人皆说道消魔长、天劫将至，周元却不认同。
江山美人志,499.4万,神奇的大陆，众多的民族，列国争霸，数风流人物，还看今朝。合久必分，分久必合，为了民族的生存，为了国家的强盛，为了理想的实现，乱世中，众多英雄奇才各显身手，鹿死谁手，拭目以待。且看一代天骄铁血皇帝李无锋如何在这块大路上谱写传奇的一生。
沧元图,191.8万,《沧元图》东宁府番外篇，7月13日起每周六10:00，优酷动漫独家播出。番茄的第十本小说。————我叫孟川，今年十五岁，是东宁府“镜湖道院”的当代大师兄。
武映三千道,771.6万,许无舟穿越了，惊愕的他发现自己成了上门女婿，不只是公认的废物蛀虫，还在新婚之夜躺在了新娘闺蜜的床上。吃顿饭却误入青楼，清冷的妻子对他失望透顶，老丈人打发他去家族武堂，任他任生任灭。可他却因为穿越，得到了一只破破烂烂需要依靠吞万物才能修复的轮回碗，而每修复一道裂缝就会反馈他力量。吞一块铁，获得一牛之力；吞一块银，境界提升一重；吞一块金，战技修至大成。……于是，许无舟开启了他放荡不羁的人生。
付费才能修仙？我的宗门全免费,218.1万,（无敌+收徒+宗门升级+杀伐果断+世界观宏大+群像+慢慢展开+前面二十万字节奏稍慢，二十万字之后节奏无敌爆快）
九龙归一诀,1044.6万,获混沌宝物，修九龙归一。斩日月星河，诛万古妖魔。陆沉一出风云动，诸天万界鬼神惊。醉卧鸾凤美人笑，三千大道渡众生。
修仙：我靠系统当剑神,375.9万,“赠送聚气丹，获得万倍反馈，奖励九转金丹！”
灰雾之上,445.8万,【诡秘】+【魔药】+【种族】+【文明】
转生神树，我打造阴兵家族,211.0万,【群像+系统+家族文+无女主+主角不是人！】
剑月琴星,458.1万,【玄幻】+【凡人流】+【无系统】+【慢热】+【剑道】+【推理】万年大战，天地交崩，三族并立，神器沉沦。一个没有灵根的山野少年，从尘世走来，为报大仇，历经磨难。以一剑而成万剑，因道心而入魔劫！挥掌中剑，杀不尽恩怨，斩不断情仇。是痴是癫，无惧世人冷眼；成仙入魔，只在一念之间！
修罗武神,1490.7万,论潜力，不算天才，可玄功武技，皆可无师自通。论实力，任凭你有万千至宝，但定不敌我界灵大军。我是谁？天下众生视我为修罗，却不知，我以修罗成武神。
武道丹帝,959.8万,【九百万字大长篇，单女主+杀伐果断+无敌爽文，全程高能无尿点！】
被女帝离婚后，我分走百万倍修为,162.5万,陆清安以杀证道，无敌之后，厌倦了无休止的杀戮，开始想过踏实日子，于是离开魔域，隐瞒魔帝身份，与心爱的女人结为道侣。
开局圣地道子，你让我走废材流？,225.1万,（天才修仙，杀伐果断，轻松向，系统，扮猪吃虎，虐菜圣手，炸鱼天尊，多女）
打坐就能涨法力，贫道要无敌,399.5万,【非无脑爽文】【出手必碾压】【先抑后扬】【连绵爆发】【人情世故】【快速无敌】
每日一门神通大成,737.1万,别人苦修千年，只为神通入门。陈斐深吸一口气——【极山呼吸法，圆满！】一念破虚妄，一怒葬诸天。从微末凡人起，一步步，铸无上大道，横压万界！
武极神王,481.7万,惊世妖瞳乱天地，绝世神体破乾坤。六道沉沦，万世无天帝。诸圣并起，神王执寰宇。乱世争雄，唯我掌天！十大旷世圣体称雄，谁敢与之神体争锋？一个身怀惊天秘密的少年始于蝼蚁群，崛起天才林，傲苍穹，踏九霄！至尊归来星河动，武极神王战诸天！
不从圣,302.9万,【无女主，不套路，非爽文，文笔极佳，剧情一流，不喜勿入。】
恶魔法则,382.7万,一个一无是处的，被认为是废物和白痴家伙，把灵魂卖给了恶魔，能换取到什么？美色？力量？财富？权力？颠覆这世界的所有规则吧，让我们遵寻着恶魔的轨迹……“我知道，终有一天，这个世界将被我踩在脚下！！”——杜维
开局长生帝族，你让我寒门逆袭？,114.0万,秦忘川，长生世家嫡子，在1080块至尊骨以及108块仙骨滋养下生来觉醒【长生仙体】。家中大帝无数，圣体如云，连啃的寿桃都能让下界修士抢破头。
战神狂飙,2160.9万,叶无缺，本来天资绝世，惊才绝艳，但为了身世之谜甘愿寂灭，装成废物凝练斗战圣法本源，整整十年！
玄浑道章,724.8万,新书《天人图谱》已发布，请大家多多支持！……在这个神怪遍地的世界经历了第六个纪元之后，煌煌天夏降临了！…………玄浑道章书友群：【762873632】玄浑道章•造化之界：【526275426】玄浑道章VIP书友群：【615387042】…………
模拟成真，我曾俯视万古岁月？,274.3万,俞客睁开眼，看到了一个无与伦比、光怪陆离的修行大世。七大部洲，五域海外，立下恢宏无上的道统，仙佛之辈屹立此世之巅俞客只是神霄宗外门弟子，最大的愿望，不过是筑基成功直到他幸得‘鲲虚鼎’，能推演过往岁月，模拟万千身份！【每一次转生，都是一次崭新的开始，你想抉择怎样的人生？】第一世，你资质低下，是三真教师叔祖，大器晚成，终在人间武学再拔高一层，武碎虚空。号称“人间陆沉三百年，方得此君”再一世，你是高门赘婿，少年早慧却受尽欺凌，小院翻书十年，一步陆地神仙境。儒家大儒赞曰“笔落惊风雨，诗成泣鬼神”再一世，你是玄宗道子，再一世，你是大周藏书史…你是登天十杰…你是金鳌岛大师兄上古、中古、太古、洪荒，鸿蒙…一个个震古烁今、煌煌无敌的身份蓦然回首，你才惊觉！你的遗物，在天帝大墓之中被挖出来?你的画像，被挂在当世修仙大宗的祖师堂，日夜受着香火有人开辟轮回，只为等你归来有人建立阎浮净土，只为守护你的遗蜕有人在天书石碑上刻下：“我曾放下过天地，却未曾放下过你”什么情况，说好体验人生我曾高高在上，俯视这万古岁月?
全职法师,759.3万,一觉醒来，世界巨变。藏匿于西湖下的图腾玄蛇，屹立时如摩天大厦。游荡在古都城墙外的亡灵大军，它们只听从皇陵下传出的低语。埃及金字塔中的冥王，它和它的部众始终觊觎着东方大地！伦敦有着伟大的驯龙世家。希腊帕特农圣山上，有神女祈福。威尼斯被誉为水系魔法之都。奈斯卡巨画从沉睡中苏醒。贺兰山风与雨侵蚀出的岩纹，组成一只眼，山脊是眶，数万年来凝视着上苍。
万倍返还，年迈的我去当舔狗,188.1万,（多女主，爽文，变年轻）
出生就无敌，一念秒仙帝,295.9万,【无敌+极致暴爽+轻松搞笑+无敌背景+一切都拉满+摆烂】
绑定天骄，师妹凝丹我成尊！,217.6万,李玄穿越武道为尊，体质为王的天玄大陆，被美女师尊收为徒弟，本以为会走上一条波澜壮阔的武道之路，没想到被检测出天生凡体，修行一辈子也难有成就。
星门,647.8万,传说，在那古老的星空深处，伫立着一道血与火侵染的红色之门。传奇与神话，黑暗与光明，无尽传说皆在这古老的门户中流淌。俯瞰星门，热血照耀天地，黑暗终将离去！《星门》漫画11月18日上线！！！对漫画感兴趣的朋友可以去看看。
邪鼎,758.5万,世间有一鼎，名叫魔王鼎，可葬天下生灵。
巨龙：龙界,744.8万,“我们自星空而来，星空是我们梦想、野望、未来，以及家，我们是星空巨龙，星空代表着自由，所以我们生来自由！”
开局女难之体，女帝师尊为我痴狂,148.5万,【女帝＋体质特别＋整活逆徒＋贱萌老六＋搞笑轻松】
镇守仙秦：地牢吞妖六十年,422.9万,【大秦】【无敌】【锦衣卫】【热血】【郑重提醒：本书修行境界全部为华夏体育总局颁布修行境界：隐元，洞明，瑶光，开阳，玉衡，天权，天玑，天璇，天枢】
凡人修仙：开局一张混沌符,346.7万,【无系统，凡人流】，一个十系俱全的杂灵根，偶然获得一枚开天至宝混沌符，从而踏上修仙道途，踏天骄，斩万敌，尸山血海，回首白骨尽成丘！
最初进化,796.5万,群号是948681859（要求粉丝值执事）最意外的诡异宿命，最激烈的脑力碰撞，最残酷的生死战斗，最疯狂的奇异幻想，最离奇的事实真相......最初已至，再战十年！
赘婿神皇,993.0万,【赘婿＋逆袭＋打脸＋爽文＋废柴崛起＋金手指＋上门女婿＋无敌】
什么，梦中的娘子都是真的,300.6万,叶羽穿越至玄幻世界，意外获得模拟梦境系统。
掌门师伯新收了个女徒弟,353.0万,【宗门、轻松、日常、爆笑、夺笋】掌教师伯新收了一个女徒弟。她很漂亮，让无数人为之神往。直至周清终于激活词条，看到很多人头上都闪烁着一个金色的标签。根据提示，那是别人内心对他的备注。隔壁峰首席对他的备注是【爱玩的色痞】三师兄对他的备注是【有色心有色胆的小师弟】石蓁师姐对他的备注是【梦游症加重的周师弟】当周清看向这位新来的小师妹时，她的备注却是【好英俊】【好厉害】【好霸气】时。这一刻基本可以确定。于是，周清鼓起了勇气。“我……”可她却是哈哈大笑：“爹，你年轻的时候真逗。”
长生从万象本源桩开始,245.8万,一朝穿越，宁奇只求长生。先天灵光加持，觉醒满级悟性。自此。宁奇低调修行，不无敌不出山。阅万经以厚底蕴，观天地以悟道果。创古人前所未有之法，开今人难以想象之路。诸圣自上古复苏，却不知，这世间已然多了一尊真正的无敌者。…………宁奇端坐高天，传法、立界树、升格世界。他说：“此界当有仙。”大道显化，世界跃迁。万灵敬拜，众生俯首。“道祖永恒！”
白骨大圣,598.4万,【均订过万玄幻精品！】【《白骨大圣》漫画已上线，可在腾讯动漫阅读！】死人沾地，老狗刨坟，阴人问路，吃活人饭，知道碰上其中一个意味着什么吗？“已有2万均订作品《这里有妖气》”“《这里有妖气》漫画改编版权已卖出”“《这里有妖气》漫画已上线，可在腾讯动漫、起点漫画、b站漫画阅读”V群验证群：609033668；（需全订）书友①群：608548874；（已被祭天）书友②群：760859432；（少量空位）书友③群：633795166。（少量空位）
老子修仙回来了,563.3万,林尘，仙界最强仙尊，威名震四方！
葬天塔,580.3万,【大神作品+无敌流+热血爽文+强烈推荐】
天人图谱,573.3万,如果人类的生命可以一直强大下去，无限拔高，那终有一日能与天相接！…………《天人图谱》书友群，群号：（535311175）
一世之尊,444.8万,我这一生，不问前尘，不求来世，只轰轰烈烈，快意恩仇，败尽各族英杰，傲笑六道神魔！万年之后，大劫再启，如来金身，元始道体，孰强孰弱，如来神掌，截天七式，谁领风骚？轮回之中，孟奇自少林寺开始了自己“纵横一生，谁能相抗”的历程。
冰火魔厨,205.1万,七柄绝世神刃。冰雪女神的叹息——晨露刀。火焰之神的咆哮——正阳刀。自由之风的轻吟——傲天刀。大地苏醒的旋律——长生刀。神机百变的六芒——璇玑刀。贯通天地的曙光——圣耀刀。永世地狱的诅咒——噬魔刀。这是七柄神刀，也是七柄拥有着冰、火、风、土、空间、光明、黑暗的魔法杖。最重要的，它们还是主角的——菜刀。
大道之上,328.7万,我的爷爷很古怪，他每天给自己上香，站在自己的灵位前吃蜡烛。村里的人都很怕爷爷。我也很怕爷爷。后来我才发现，他们害怕的不是爷爷，而是我。爷爷也很怕我。……我叫陈实。诚实的陈，老实的实。来阅文旗下网站阅读我的更多作品吧！
天相,201.7万,万相大陆，灵煞肆虐。
太古神墟,241.8万,神秘男孩记忆被师尊封印，走出太古神墟。
神印王座II皓月当空,201.4万,《神印王座》第二部！龙生两子亦有不同，天才的哥哥与废柴的弟弟，明明是长得一模一样的双胞胎，却有着天壤之别，唯有他们那想要躺平的心却是一模一样。在他们出生的那一晚，皓月当空。
天武神帝,618.9万,一代天骄云飞扬，因在秘境中保护自己的未婚妻，导致修为尽废，成为一介废人。
我在修真界做天之骄子,281.8万,无女主+无cp+沙雕文
百炼成神,925.0万,因家族内乱从家族大少跌落为卑微家奴的罗征意外得到上古炼器秘法。
诡界求仙：我有一棵神通树,276.3万,［苟道大成+诡异修仙+天罡神通+杀伐果断+无后宫+不圣母］
不朽天帝,627.2万,九死一生，古长青觉醒不死血脉。
公主太恶劣？抱紧她大腿后真香！,125.3万,【恶劣坏女人】+【恋爱软饭】+【杀伐果断】+【武道升级】+【战斗爽！】
神话副本：开局我为道祖牵青牛,100.7万,【神话宝镜绑定成功。】
你一个武夫，谁让你炼剑的？,222.1万,【无系统】【无穿越】【肉身无敌】【极致剑道】【杀伐果断】【一路横推】
一人一驴一狗去修仙,513.0万,【苟贱+夺笋+腹黑+爽文+老六+轻松+无节操】
我就是神！,545.5万,五亿年前。寒武纪。尹神降临在最远古的蛮荒大地和原始海洋之上，他是一切的开端，他创造了智慧和生命，他是众生的造物主。时间的流逝里，故事化为史诗，史诗化为神话，最终神话也被埋葬在岁月之中。唯神永恒。
傲世九重天,849.6万,一笑风雷震，一怒沧海寒；一手破苍穹，一剑舞长天！一人一剑，傲世九重天！
太荒吞天诀,1525.0万,十大仙帝之一，因得重宝吞天神鼎，遭围攻惨死；携神鼎重生归来，吞四海，容八荒…一代邪神，踏天血洗仙界！
好一个气运人间,72.0万,开局一张天机榜，榜上算天机，榜下夺气运。张牧酒醉之间，穿越到了这个聚气运，修武道的世界。歌舞升平间，有异族窥探神州，有世外之人垂钓气运。草莽烟尘起，江湖战不休。乱世已至。张牧带着一卷天机榜，努力地生存着。从一个账房伙计，到匪寨寨主，再成为席卷天下的巨寇；从孤身一人，到知己满天下，再到带甲百万；从见自己，到见天地，再到见苍生；一路走来，他想要的，无非是一个太平人间。……他说：忽有狂徒夜磨刀，帝星飘摇萤惑高。他说：男儿到死心如铁，看试手，补天裂。他说：他年我若成青帝，报与桃花一处开。他说：诸仙万妖，胆敢来此人间者，皆斩！
原始战记,252.9万,这坑爹的原始部落！“终有一天，我们将重返故地。荣耀依旧在，炎角之火永远不灭。”
超维术士,1544.2万,巫师的地位，在各大陆与泛位面中，超然无上。神秘、智慧、残忍、血腥，俨然是巫师的代名词。但真实的巫师又是什么样的？安格尔在接触巫师世界后，得出一个结论：巫师，是一种用唯心思想明照自我，却用唯物的态度辩证世界的一群人。换言之，这是一群在追寻真实的路上，严谨态度踽踽独行的另类科学家。——————————多重世界，无垠重叠。智慧生物在冥冥中的引导下，走出了各自的文明之路。其中巫师世界，以其独有的修炼文明，横贯无尽位面。纵然巫师世界强势至此，宇宙的真实，维度的奥秘还是始终无法堪破。直到，一位多元宇宙的穿越来客，造访了这方世界。（穿越者不是主角不是主角不是主角，重要的事情说三遍！）
青山,202.5万,少时光阴长，泼酒翻红巷。权为砖墙利为瓦，宾朋倚满帐。醒来恨日短，大梦二十转。忽觉同行常八九，真心无二三。
长夜君主,903.0万,他游走在长夜之中，徜徉在刀锋之上，摇摆于云端与地狱之间。点燃星魂之火。既然长夜漫漫，那我便做夜之君主。【【【不是单女主，入坑需谨慎】】】【凌天传说】【异世邪君】【傲世九重天】【天域苍穹】【我是至尊】【左道倾天】【碧落天刀】后，风凌天下第八本书。普群QQ：877103143
神话：灵性支配者,267.8万,混沌的卡俄斯刚刚开辟，荒芜的虚空迎来了异界的灵魂。作为卡俄斯世界第一个灵魂，莱恩自动成为了灵性之神。然而，神的力量来自神力，灵性的存在无足轻重，所以新生的莱恩弱小不堪。没办法，为了不被命运的洪流掀翻在地，莱恩只好自力更生。开辟界面，诞生独属于灵性的生命。创造序列，散播登神长阶。编织魔网，笼罩天空，海洋和大地。当黄昏之钟敲响，我高举神座，在灵界之巅向众生宣告：世界有两个面，物质的和灵性的。物质的归众神，灵性的归我，这就是万物的真理。
天道酬勤：开局联姻落魄千金,52.7万,【杀伐果断+面板+升级流+无视瓶颈】
武神,479.7万,什么是天才？无论学习任何战技都能完全领悟，只要修炼新的功法就能扫除进阶的壁障，这才是真正的天才！贺一鸣本为贺家庄一普通少年，习武资质无甚出众，但一次奇遇之后，这个天资本普通的少年一跃成为众人口中的天才，拥有着令人惊羡的习武资质，不论是家族的后天五行秘籍，还是传说中的各种先天秘籍，不论是心法，还是战技，都能急速领悟完全。武神，以武之名，用最简单直接的方式，生存！
凌霄苍穹录,64.9万,“十亿灵石，买你为奴！”
天启预报,629.8万,“我想要挨一顿毒打……”——灾厄之剑、旧世界守墓人、调律师、最后的天国捍卫者、二十四个毁灭因素之一、淮海路小佩奇、深渊烈日、最终的地狱之王：槐诗。.某一天，穷困潦倒的槐诗忽然发现自己捡来的金手指终于能用了……只不过，这似乎并不是一件好事。为了赚钱和苟命，他一不小心踏入了这个危险世界。现境之外的边境，日常之后的异常。天文会，绿日、黄金黎明、存世余孽与诸界天敌……究竟是生存还是灭亡？这是个问题。那么，就在这一万零一种拯救世界的方法中，选一个通往HAPPYEND的方向吧。
超级神基因,731.5万,未来波澜壮阔的星际时代，人类终于攻克了空间传送技术，可是当人类传送到另一端的时候，却发现那里并不是过去未来，也不是星空下的任何一片土地……神秘的庇护所世界，无数强横的异生物，人类迎来了令人热血沸腾的飞跃性大进化，开启了星空下最辉煌璀璨的新纪元。“猎杀神血生物黑甲虫，获得神血黑甲虫兽魂，食用神血黑甲虫血肉，可随机获得0至10点神基因。”
万古神帝,1454.9万,天地初开，太古混乱。灵长之战后，时空人祖、九巫、始佛、幽冥、大魔神相继出世，开创道法，威临八方，众生朝迎，世人尊为始祖。天尊无敌当世，始祖名传古今。但，皆不可得长生………………张若尘自逆境中崛起，从平凡中非凡，在这一条满是英才、妖魔、美人的长生路上，走出一个崭新的大世。
大荒帝尊,644.3万,十万里大荒，千里无人烟，一个寻娘少年踏上大千道州。
十方武圣,291.3万,新书～绝境黑夜，诡异世界惟我独仙，感兴趣的可搜索阅读。同名动画已在哔哩哔哩动画播放，大家感兴趣可去观看~~末日荒土，世宗三年，天下大乱，民不聊生。中央皇朝崩坏，各地群雄割据，门派独立。魔门妖党隐于暗处作乱，帮派相互征伐，混乱不堪。天灾连连，大旱，酷寒，暴雨，虫灾，人民苦苦挣扎，渴求希望与救赎。大乱之中，各门各派纷纷出世，争夺资源地盘，建立独属于自己的统治。有野心者试图席卷天下，建立王朝，也有大义者，意图挽救苍生，重建家园。肌肉，武道，仙法，一位位武道极限强者，在传说中获得了彷如仙佛名号。魏合持有能突破境界的破境珠，穿越乱世，一步步开创属于自己的传说。
史上最强师兄,388.6万,燕赵歌第一次穿越，穿到了武道文明繁盛至极的异世界，一头撞进包罗万象，遍收天下经典的神宫藏书楼里，但随后便是一场天地大劫，连神宫也破灭了。接下来居然第二次穿越，灵魂来到了同一个世界，不知多少年后的时代。人们发掘承载破灭之后残存的遗留，这里的武道文明重新起步，还处于新一代的发展期。装了一脑子神宫秘籍宝典的燕赵歌，二次穿越到当前的时代，简直就如同一个人玩惯了地狱模式之后，突然被丢去玩简单模式。简直不要太爽！不过在此之前，他先要解决一个问题。“我不是主角？而是跟主角争妹子的反派高富帅师兄？”“这剧本不对啊！”PS：已有460万字完本精品老书《史上第一祖师爷》，欢迎大家收藏养肥本书的同时移步阅读。
大乾武圣！,391.8万,【均订过万精品必读】【八十章起势】【非常规视角】【武道新尝试】【体系流】【淡淡品悦，书香自在】陈平安穿越数年，在便宜老爹临死前的运作下，成了一名不入册的临时差役。世道艰难，命比纸薄。本打算就这么谨微慎行本本分分过一辈子的他，却突然发现了专属于他的修行方式。自此，气血如龙，内气成罡，乾坤清气，天霖降顶！差役，差头，差司，指挥使......“大人，外面风大，您看要不要披件披风。”“都使大人严令，山城戒严，敢有犯乱者，杀无赦。”“卑职参见大人，大人千岁，千岁千千岁！”宝体神体，天骄耀世，天命子，气运子，我自镇压无敌。“大局大局，吾既大局！吾乃人族第一天骄，陈平安！”“大局？我想你想错了，没有我，何来的大局！？”“无人扶我青云志，我自踏雪至山巅。”世家贵女，魔门妖女，隐世传人，封疆大吏，邪道巨擘，宗门老祖，王朝公主，天骄红颜......时光荏苒，再回首时，他已登顶至高。这是一个临时差役一步步走向至高的故事。
朱雀鸣,316.0万,这是一本不正经的玄幻修仙小说
元始法则,314.2万,星空中的“道城”，修行最初的萌芽之地“祖洲”，浩瀚宇宙水之起源“神仓古泽”，虚暗禁区“战斧座空洞”。还有藏在宏观中的天界，与微观中的地府幽境。地球的微观世界……显微镜下——豆子般大小的佛祖舍利，宛若一颗浅红色星球，高耸的山脉和干枯的古河道密布，荒凉而辽阔，蔚为壮观。研究人员怀着惊叹情绪，细细观察这片微观世界。不久后，有了震撼的发现。一艘形制古老且外观诡奇的青铜船舰，停泊在这颗浅红色星球干枯的海洋中，锈迹斑斑，桅杆帆布清晰可辨，不知已经搁浅在那里多少岁月。调大倍率，只见船上尸骨累累，有身穿铠甲的白骨人类，也有凤尸蟒骸，甲板上还有大片的墓海碑林。它明明只有四百六十纳米长，却如此宏伟神秘。
逆徒，你还要忤逆为师多少次？,187.9万,“逆徒，你还要忤逆为师多少次？”
被师娘骗去修炼后，傻子无敌了！,143.5万,【传玄爽文+无系统+美女多+护道者+无敌升级+快节奏！】
龙藏,355.5万,卫渊本无大志，但在时代洪流中不得不走上征战四方、开疆辟土之路，直至关山踏尽，未曾白头。不正经的简介一：仙人也怕工业化！这是一个发生在玄幻世界的工业革命的故事。
鸣龙,227.0万,“事情是这样的，我当初身陷绝境，意外遇见了一条龙，它非说我是习武奇才，要给我指条通仙大道……”“这就是你挖开魔神陵，给妖魔当奴仆的理由？！”“我谢尽欢从不屈居人下，它才是奴仆，准确来说，我是被一条龙服务过……”……已有完本万订《世子很凶》《仙子很凶》《女侠且慢》，感兴趣的朋友可以先看老书~
纯阳武神,776.2万,浩瀚星空下，一个妖魔横行的世界。在这里，流云铁袖可以吞纳风云，九字真言可以降妖伏魔，太极拳剑可以扭动乾坤，这是一个属于武道的大汉天朝。当诸强的后代斩断传承，亿万年的战血蒸干混沌。当沉寂的战魂复苏，当时空成为永恒，年老的人皇踏着轮回转身。这是属于一个骑乘龙首的蝼蚁传说，百战不死的人族神话！普通群：246558156vip订阅群（需验证）：322234575欢迎加十步微信公众号“十步行”
苟在初圣魔门当人材,344.0万,吕阳穿越修仙界，却成了魔门初圣宗的弟子。幸得异宝【百世书】，死后可以重开一世，让一切从头再来，还能带回前世的宝物，修为，寿命，甚至觉醒特殊的天赋。奈何次数有限，并非真的不死不灭。眼见修仙界乱世将至，吕阳原本决定先在魔门苟住，一世世苦修，不成仙不出山，奈何魔门凶险异常，遍地都是人材。第一世，吕阳惨遭师姐暗算。第二世，好不容易反杀师姐，又遭师兄毒手。第三世，第四世……直到百世之后，再回首，吕阳才发现自己已经成为了一代魔道巨擘，初圣宗里最畜生的那一个。“魔门个个都是人材，说话又好听。”“我超喜欢这里的！”
紫川,236.5万,两百年前的蓝河战场，光明帝国最后的军团在魔族的喧嚣声中崩溃，帝国最后的皇帝战死。混乱的西川大陆上没有了共同的君主，群雄并起而混战，武力是生存下去的唯一本钱，制霸天下，是一代代强者的梦想。大陆东南，有一个两百多年的强大势力——紫川家族。他西击流风家，东挡魔族，南镇林家。为了强大的梦想，为了家族血统的薪火相传，无数紫川俊杰前仆后继，谱写了一曲的史诗般壮丽的历史。本文《紫川》，讲述的就是这么一个家族的百年悲歌传奇。
从水猴子开始成神,404.4万,【已有完结七千均大精品，品质保障，放心阅读。】选择大于努力！武师们为陆地宝树打的头破血流，深水神草却无人问津。穿越成渔民的梁渠获得水泽之鼎，炼化【水猴子】天赋，统御水兽，一路收割，踏上巅峰！【水猴子】→【泽狨】→【水王猿】→【淮涡水君】！从此万里泽涛由我做主！…………洪水滔滔。人们跪拜祈福，献上祭品。“求水神大人保佑......”靠，能不能别向我祭祀少女了，我真不是水神啊！
道诡异仙,220.7万,诡异的天道，异常的仙佛，是真？是假？陷入迷惘的李火旺无法分辨。可让他无法分辨的不仅仅只是这些。还有他自己，他病了，病的很重。
至尊无赖,201.1万,小雷语录之一：“当你去搭讪的时候，如果对方拒绝了你，那么绝对不是因为你长得不够帅！”小雷语录之二：“就算是一陀牛粪，也是有利用价值滴～！”最后，小雷的为人处世基本信条：“有便宜不占是王八蛋～！”
白仙行,194.4万,【天骄争霸，背景无敌，多女主，不穿越，无系统。】
大周皇族,387.5万,天地二魂常在外，唯有命魂住其身。命魂住胎，衍化七魄。每个人的生命，都是从命魂住胎开始的，但方云的生命，却是从终结的那一刻开始的……真正的皇族，不是来自于血统的传承，而是来自命格和灵魂层面的高贵！
莲花宝鉴,216.1万,若未成功，帮你自宫——《莲花宝鉴》，这是一个关于童子功的故事，一个可怜的男人，被人强迫学了一套阴毒的功法，神功大成之前不得近女色，不然《莲花宝鉴》便会‘咔嚓’一声帮他自宫！！
葬仙劫,234.2万,无根树，花正悠，贪恋荣华谁肯休！
乱世书,300.4万,仗剑江湖载酒行，楚腰纤细掌中轻。少年肩扛长刀，腰间挂酒，大步前行，心中的江湖却隐约难见。乱世书中翻一页，江湖夜雨数十年。蓦然回首，已劈碎了人间。
玄幻：刚被篡位，奖励人皇幡,154.4万,异国入侵，魔族初现。
召唤梦魇,203.3万,这是一个普通人能从噩梦中获得力量，所发生的故事……林盛突然有一天，发现自己平凡普通的日常里，多出了一点异样。一个不断重复的噩梦，让他开始了一段无法形容的诡异旅程。一个庞大的梦魇，一个迷幻的秘密。===新书起航，隐秘死角，未来惊悚类型，欢迎试读。
我只想安静地打游戏,400.6万,一滴血一条命，别人打游戏爆肝，我打游戏爆血。次元风暴降临，地球四处出现了大量的异次元领域，仙、佛、恶魔、天使、精灵等各种异次元生物降临地球。（漫画更新中）而那些神秘的异次元领域，却都变成了手机游戏副本，别人拿命去冒险，我却拼命打游戏。已完本小说《超级神基因》730万（漫画更新中）《剑装》300万《神品道圣》160万。
我的属性修行人生,240.2万,新书～绝境黑夜，诡异世界惟我独仙，感兴趣的可搜索阅读。大灵天下，烽烟四起，铁骑灵军横扫万国，将疆土拓展到前无古人之地。来到这个时代，张荣方身负能加点武功的属性栏异能，看了看周围水平和前世搏击爱好者差不多的武林高手，心里满是对未来的憧憬……
高武纪元,392.5万,从南洋深海中飞起的黑龙，掀起灭世海啸……火焰魔灵毁灭一座座钢筋水泥城市，于核爆中心安然离去……域外神明试图统治整片星海……这是人类科技高度发达的未来世界。也是掀起生命进化狂潮的高武纪元。即将高考的武道学生李源，心怀能观想星海的奇异神宫，在这个世界艰难前行。多年以后。“我现在的飞行速度是122682米/每秒，力量爆发是……”李源在距蓝星表层约180公里的大气层中极速飞行，冰冷眸子盯着昏暗虚空尽头那条形似神话传说中神龙的庞然大物：“你，应该是所有入侵半神生命体中最强的一个了。”“只可惜，现在的我，可以称之为……武神！”————已完成高订11万作品《渊天尊》，高订3万作品《洪主》，精品《寒天帝》，人品保证，放心入坑。
烽皇,243.6万,嬗变的历史，沸腾的大陆，数风流人物，谁主沉浮？崛起于草莽，发迹于战场，纵横于庙堂，且看一个卑微者的皇者之路！
神话山庄：开局向女魔头求灵种,107.5万,林牧穿越天阳大陆，绑定“词条种田系统”！
我道法通天，老姐却劝我还俗？,66.0万,陆玄穿越到古代世界，成为一名道士，激活了“八奇技”系统。
开局多子多福，我打造绝世仙朝,104.6万,好消息：穿越成皇帝了！
无敌天命,384.0万,谁言天命天注定？
明日之劫,269.6万,流星划破长空，同样划破了世界的平静。超凡的力量降临人间，是谁在黑暗中窥伺，又是谁在我耳边低语。当咆哮粉碎苍穹，当力量踏平深渊，当所有的生死都被主宰……他们称呼我为——神。书友群：927134755VIP书友群：948235123
异界之光脑威龙,368.3万,"郑重推荐《战国杂家吕不韦》是我改变了世界，还是世界改变了我!新人新书,敬请支持!※※※※※※※※※※※※※一架UFO的突然降临，带来了一台神奇的学习机。逆差时间，人家修炼一小时，我可以在虚拟空间中修炼一倍，五倍，十倍的时间，绵绵无尽的时间造就出最伟大的新一代法师※※※※※※※※※※※※※终极白鹤亮翅群:9437635(只招铁杆,非诚勿扰!)"
女侠且慢,303.5万,“女侠且慢，你可知我是什么人？”“知道，女帝身边的宠臣，反贼头目的相好，江湖名门的少主。脚踏三只船，我砍的就是你！”-----已有万订完本作品《世子很凶》《仙子很凶》，质量人品皆可保证，有兴趣的读者可以先看老书。
养骨十年，神体觉醒，出世即无敌,163.9万,【传统玄幻+无敌升级流+快节奏+杀伐果断+微创新】
都宠女主？那反派女魔头我抱走了,109.7万,【穿书女频+单女主+阶段性无敌+独宠女魔头+师徒日常+逆徒】
无限血核,314.2万,野兽骑士率领求生团体，获取决斗神格，世界于此刻暂停。
异界兽医,213.9万,新书已经上传，书名《莲花宝鉴》书号181086以下是新书内容简介《葵花宝典》大家都熟悉了，《莲花宝鉴》呢？欲练此功，必先自宫！这是《葵花宝典》若未成功，帮你自宫！这才是《莲花宝鉴》，这是一个关于童子功的故事，一个可怜的男人，被人强迫学了一套阴毒的功法，神功大成之前不得近女色，不然《莲花宝鉴》便会‘咔嚓’一声帮他自宫！！至于如何才算成功，这就要靠某位可怜的男人拼命去做善事，行善积德，积攒那么‘一点点’微不足道的仙家愿力。于是，我们的主角誓要拼搏奋斗，做遍天下善事，助尽世间之人。于是，他的仙家愿力每天都多了那么‘一点点’。于是，某个混蛋加三级的家伙，有了个‘天下第一善人’的绰号，就是半夜踹寡妇门，也会被人当作是在做善事的那种…………………………直通车在下面哦
开局摆摊卖盲盒，开出仙王裹尸布,67.0万,【评分刚出有点低】【微同人，只会出现其他书的物品】【无敌】【系统】【搞笑】【盲盒】
神煌,346.9万,宗守一梦醒来，发现自己穿越到了万年之前，神皇即将出世之前的时代。何谓神皇？宇内六合八荒无敌，十方百万世界之主！身为半妖的宗守，就这样以弱质之身，开始在这个群雄辈出，血腥无情的时代挣扎沉浮，走上傲视众生的人生。
脱去皮囊，无非二百零六骨,235.6万,叶恒重生现代都市，却成了深山中被抛尸的一具白骨骷髅。漫无目的的行走至一座破败的山神庙中，他坐上神台休息，却意外发现自己能感受到香火之力，借此顿悟‘白骨观’。【脱去皮囊，无非二百零六骨；着上衣裳，可有一万八千象！】观白骨，猜人心，创神通！自此，叶恒以白骨之身，走上一条唯我独法，唯一超凡的进化之路！山中无岁月，修行不知年。不知不觉间，叶恒双眼孕日月，两掌生雷电，白骨坐如山，将神话照进现实，在附近村镇中留下各种传说。直到这日，一支国家纪录片拍摄团队循着传说而来，途径此山，又逢雷雨倾盆，便于帐中暂避，却猛然听闻一声震天嘶鸣，而后便见一道洁白身影自深山中腾空而去，于九天沐浴雷霆，云雾中八千变化。“今日浴雷渡劫，当为‘白骨大仙’！”
开局恶奴欺主：我有杀戮系统,183.3万,开局穿越到玄幻世界，成为沈家二少爷。
第一玩家,753.3万,【如果全人类把希望寄托给一个人，文明就会好走吗？】…“当你看到这行字，赌上一切的星球生死游戏已开始，唯有赢到最后，方能赢回故乡文明”“我是苏明安，拥有仅我得知的死亡回档能力”“我严守着，星球侵略者也不知道的秘密——每当文明陷入绝望，我是唯一能回到过去，改变悲剧的人”“人们说我是——【最强的第一玩家、黑暗游戏的火炬、文明最后的引灯者】”“丧尸世界的救世主、人狼镇的占卜师、魔幻世界的恶龙、海妖之世的神明、至高城邦AI的博士、古国的皇子、蒸汽时代的侦探、中世纪的至高魔法使…都是我“我以谎言欺骗世界，无数次回档摸黑前行”“一次次埋葬失败的世界线”“一次次创造成功的世界线”“杀死每一个人，救赎每一个人“——为了将一个最好的【人类未来】，带给他们”…“哪怕背负亿万坟冢“…哪怕踩着千千万万‘我’的尸骸与骨灰”…原创无限副本，大量伏笔反转，多线结局，千张同人图副本进度:末世→白城→明溪校园→狼人杀村→明辉→血族→测量城含西幻、科幻、原创九大时空维度体系、万条世界线、莫比乌斯环、祖母悖论、庞加莱回归、魔女审判、勇者恶龙、第四面墙、虚拟恋人、AI废土等世界观
牧龙师,354.9万,这片大陆上任何生灵都有几率化龙。传言每个生命都有自己的一道龙门，跃过之后，宛如苍穹日月，耀眼辉煌。人也是如此。人的龙门就在于化身牧龙师。四处找寻那些即将化龙的小幼灵，将它们驯养成当世无双的龙王！
刀剑神皇,621.7万,【剑道】+【刀道】+【吞噬万道】+【天骄争锋】+【杀伐果断】+【无系统】
我不想被师姐调教啊,46.1万,(单女主+穿书+微病娇+甜日常)
开局上交黑暗动乱，家族助我成仙,52.1万,【家族和睦】+【天才】+【伪快穿伪多宇宙】+【伪诸天万界】
武道天下,623.8万,武将铁血铸军魂，文谋风云炼丹心。蝶恋红颜泣幽冥，武镇天下挽天倾。崛起于隋末唐初，铸军魂，炼丹心。立足武道，以武撼仙，咆哮在多朝并立的奇异世界。会秦皇，斗曹操，谋刘贼，战项羽，挑吕布，争天下，镇压各族文明，闯荡各个朝代，誓与天骄试比高，武镇苍生！这就是……武道天下！……铁杆扣群：277291131，会员扣群：64442046新书《鲸落封神》，已完本《铸圣庭》《邪影本纪》《圣儒》等长篇，值得信赖，新书更需辛勤呵护，收藏推荐赞，谢谢！
大秦：朕让你监国，你登基了？,33.0万,穿越成为大秦长公子扶苏，恰逢始皇帝东巡，留下长公子扶苏监国；
惟我神尊,321.8万,一部逆天神功《大光明神诀》，为陈默逆天转命，踏足无上尊道。一枚意识海中的“光明种子”，竟然能长成“光明神树”，结出无数果实，瓜熟落地，幻化为一个个美若天仙，战力强横的光明天使，横扫寰宇。一只玄龟战宠，吞天灭地，相助陈默一路成长，见证成神之路。数位红颜知己，相知相爱，不离不弃。且看《惟我神尊》，伴随兄弟姐妹们经历一个恢宏，庞大的世界。(这是一部充满积极正能量的书，剧情结构严谨，逐步推进。世界经济，人物战力，各方面都经过统算考量，中后期绝不会崩坏~若是错过，就可惜了~)
我夺舍了魔皇,220.1万,陈洛阳感觉自己穿越的姿势不对。穿越过来，居然把世间最顶尖强者，尊号魔皇的魔教教主给夺舍了。一般不都是有大能强者出意外，剩下顽强的一缕神魂不散，然后占据一个底层苦逼少年的身体，夺舍重生，接着一路逆袭，东山再起？又或者穿越穿到苦逼少年身上，得金手指开启成神之路？为什么我这节奏不对啊。现在周围全是大佬，我感觉我快暴露了。怎么办？在线等。急！
难道我是神,247.6万,当猫拥有了超能力后的故事……书友群：927134755VIP书友群：948235123
带着二颗伴生种子投胎荒诡界,128.8万,楚华开局带着两颗神奇的伴生种子投胎在荒诡界一个实力强劲的万年部落。
苍穹龙骑,443.2万,十万年前的荣耀正在被世人渐渐遗忘。背负神秘命运从地球归来的空战王牌再铸龙骑士的辉煌。谦卑、荣誉、牺牲、英勇、怜悯、精神、诚实、公正！无论是黑夜降临，还是太阳升起，巨龙的咆哮响彻天际，守护这片苍穹的龙骑士必将与天空同在！长剑所指，只要还有高度，就绝不决弃！------超猛的好书《裂天空骑》上架，书号：1032575305系统：叮！斩杀龙骑士林默（莫林），获得能量点9999999！
无始皇手谕，不得出银河边关,506.9万,穿越神话世界，成为凡间的秦王嬴政。但举头三尺有神明，普天之下岂为王土？好在遗迹系统觉醒，只要打造遗迹，并流传至数千年后，让后世人相信，便可显化成真！命工匠建造洗剑池，立三千兵马俑，石碑上刻字。千年后明星拍戏时意外坠崖，惊见遗迹！【朕有人皇剑一柄，赐予剑道宗师吕洞宾，率三千剑修，灭六国！】于是大秦剑甲如流星，一剑开天门！一统凡间后，嬴政泰山封禅，祭文震撼后世。【朕于泰山打造飞升祭坛，封禅之时有九龙拉棺自星空而来，朝拜仙秦，举国飞升！】数千年后，人类飞船终于抵达银河系边缘，却见一个身穿古代铠甲的身影拦在飞船之前。“大胆！”“没有始皇手谕，胆敢擅闯银河边关！”
混沌神天诀,312.5万,天地初开，混沌降临！
山河稷,243.4万,且夫天地为炉兮，造化为工；阴阳为炭兮，万物为铜。——终有一天，要让这祭炼世界的炉火，换成属于我的火焰。——稷，祀也，社而稷之。
进化之眼,460.4万,出门一把刀，装备全靠爆！网文写手白小文，被一颗神奇眼球带到了百年之后的灵能时代。灵子渗透，变异兽肆虐，灵界怪物入侵，数据化的地球如同一个超大型游戏！我来了，我看见，我征服！白小文睁开神眼吼出强者语，然而距离高考只有130天。征服灵能时代，从成为高考状元开始。***新书《全球进化：我移植了至高神心》已上传，欢迎新老书友~
战天,309.5万,一颗天地圣果穿越所造就的奇迹。
剑道第一仙,1132.0万,我是万古人间一剑修，诸天之上第一仙。
藏书阁中百万年，我成仙帝了,34.4万,谁说读书无用，读书也可以读出仙帝境！
开局曝光我助人成帝，他们破防了,80.6万,【多女主+轻松向+天骄争霸+偏群像+榜单曝光+前期即大道之争】
凡人修仙，我有六个装备栏,202.9万,东胜神洲，仙妖乱世。凡人张钰于洪灾尸山醒来，为求活命投身行伍，以凡骨微末之身叩问长生。
道爷要飞升,304.3万,“弟子黎渊，拜求苍天授箓！”…………已有完本作品《诸界第一因》、《诸天投影》《大道纪》
天命反派老祖，开局强取豪夺！,85.8万,【反派老祖】【多女主】【天命之子拥有气运加持，并且不会全部杀死，会留下部分薅羊毛，加入大爱盟（介意勿入）】
我和二哈共系统,258.7万,妈蛋，要死了，居然和一只二哈共享金手指！快点刷新一下属于我的任务啊！我才不要去完成啃骨头一个小时，更不要对面前小女孩对视十分钟的任务啊！
长生：从迎娶大嫂妹妹开始,284.7万,大夏末年！天降雪灾！民不聊生！陈玄意外穿越到武道世界，成为了一个猎户。家中除了他还有两个女人，美貌的嫂嫂苏婉秋和她单纯的妹妹苏云。在这个吃饱都难的情况之下，为了躲避无赖，在嫂嫂的撮合下，陈玄娶了单纯的苏云。没想到，在洞房花烛夜之后，突然看到了一道怪异的信息。【度过了一段还行的旅程，奖励技能点3点！】他的表情有些怪异！原来这就是他的金手指！陈玄：”既然如此，那肝就行了。“多年以后，慕然回首，他已然肝成了人间武圣！
御天,934.7万,我楚言自深渊魔狱归来，要用手中这九尺巨剑，开山、断海，飞仙、御天
饮食男女,1487.2万,一大爷——后事难断二大爷——当官吃饭三大爷——精打细算秦淮茹——脸蛋好看何雨柱——打架做饭娄晓娥——难逃大院李学武一出现，大爷白干，傻柱都想跟他换一换。
全属性武道,1228.3万,时空裂缝连通异界，武道时代降临！不练武没前途？幸好有捡属性系统，别人修炼会掉属性，悄摸摸捡起来！啥，打怪也会爆属性？于是……你打败一名剑道天才，掉落【悟性*2】，【剑道天赋*1】……你捡了起来，悟性有所提升，并获得初级剑道天赋！你打败一名刀道天才，掉落【刀法战技*1】，【杀戮刀意*3】……你捡了起来，学会一部稀有刀法战技，并领悟杀戮刀意，你变得超凶！你打败一名炼体天才，掉落【炼体功法*1】，【圣血霸体*1】……你捡了起来，学会一部顶级炼体功法，走了狗屎运竟然获得逆天体质圣血霸体，获得神级称号【打不死的小强】！有人杀死一头恐怖星兽，掉落【灵视之瞳*1】，【空白属性*60】……你偷偷捡了起来，意外获得灵视天赋，眼睛堪比二十四K钛合金狗眼，并获得空白属性可以随意加点！……你这一生打败了无数对手，突然有一天，你随便一剑斩了路过的无辜神魔，在家练刀不小心把星河砍成了两段，小拳拳一锤打爆了太阳，让世界坠入黑暗……原来，你已经无敌了！！
荒穹之主,112.6万,东皇瀚宇，本是上界尊贵东皇一族的少主，血脉流淌星辉。然而他降生之日，血色弥漫，滔天剧变吞噬家族至亲。母亲以命为代价，将襁褓中的他送出仙境，跌入凡尘。
雷武,1735.4万,少年紫宸用一命认清兄弟，机缘遇雷元复生，得炼体法诀，踏上强者之路。雷电淬圣体，造化铸天途！以坚韧之心，踏雷武巅峰！
古代末世的文弱书生,69.9万,“他文弱个嘚儿！”“狗东西骗我！”“卷狗！都是卷狗！”……您好，卷王诚邀您加入歆州打工集团————————注：无异能，纯架空古代。因为不涉及任何真实历史朝代和人物，又含末世元素，所以没在历史分类，归到了玄幻。
拥有外挂的我杀穿副本世界,300.8万,【进入副本：猩红优选】【副本类型：单人】【请选择你要应聘的职位】【1、配送司机】【2、理货员】【3、发货员】【4、收货员】【5、装卸工】【检测到宿主进入副本，外挂加载成功】【请宿主在以下三项外挂中，选取其中一项外挂】【1、净化模板：自身拥有净化能力，无视任何污染】【2、超强大脑：过目不忘，大脑运算能力乘以十倍，免疫精神伤害】【3、僵尸模板：铜皮铁骨，刀枪不入，力大无穷，嗜血，无惧。】……【进入副本：血腥列车】【副本类型：大型多人副本】【参与人数：30人】【检测到宿主进入副本，外挂加载成功】【请宿主在以下三项外挂中，选取其中一项外挂】【1、无限魂币：开局获得1000000000000魂币，可随意消费】【2、百倍增幅：可对自身单项属性增幅百倍，可随时转换任意属性】【3、石头人：你将成为一个平平无奇，普普通通的，没有任何存在感的石头，你可以安然通关此次副本】沐如风悟了，他的外挂，每个副本都能刷新。
高武：我以万界主角名台词成神,53.8万,【高武+半无敌+玩梗+多女主+概念神】【无百合和牛，别被带偏】
混乱战神,252.8万,做弱者，多不得好活做强者，多不得好死所谓命运，就是在不得好活与不得好死之间做一个选择一个在现代所存在的少数修真者之一，在一次不幸的事故中，他的肉体在同归于尽的大爆炸中被毁，他力保一丝元神不灭，来到了一个完全陌生的魔法世界，一切重新开始，从一个落魄贵族成为称霸大陆的混乱战神，这一切已经不能用传奇来概括，因为这就是战神的生活。（本人已有全本作品三部，请放心收藏阅读）VIP专用群：21138355Vip专用群：73830326混乱群1254455混乱群43104647
全民神祇：我献祭亿万生灵成神,371.1万,韩武穿越到一个人人皆可成神的世界，获得生命献祭能力。
种菜骷髅的异域开荒,419.8万,不死帝国消失的一千年后，当年的种菜小骷髅依旧在耕种着他的农场，直到召唤通道重新开启。“你们饿吗？我种了一千年的菜，存了亿点点食物。”“这些农田都抛荒了吗？我能种东西吗？”“公主的城市在山上不能种菜？那不去了。”“他们要收我的税还不让我种菜？消灭他们！”
死亡开端,186.9万,新书洪荒历已发，字数挺多的了，可以开始食用，味道估计还不错。
普罗之主,448.5万,他叫李伴峰，山峰的峰，不是发疯的疯，医生说过他没有疯。为了救朋友一条命，他去了96号站台，上了1160蒸汽列车，来到了停留在蒸汽时代的普罗州。他遇到了老唱机里的红颜知己，月份牌里的绝世佳丽，老座钟里的摇摆名姝，酒葫芦里的世外高人。这里有越吃越猛的食修，越抽越强的烟修，越杀越狠的武修，越喝越狂的酒修。这里有哪都想去的旅修，还有哪都不想去的宅修。天下百门，谁与争锋。普罗万修，谁是魁首。伴峰穿上西装，戴上礼帽，拿上鸡毛掸子，认真问了一句：告诉我，谁是普罗之主？
开局镇压长公主，奖励九阳神功！,71.1万,【镇魔司+爽文+系统+多女主+无敌+高武】
超神宠兽店,486.4万,【万订爆款，火爆爽文】有一刀斩杀黄金巨龙的低等骷髅种有身怀十大宠兽秘技的看门土狗更有自称为神的打工妹……这是一个得到系统开店，在破碎远古培育宠兽的故事。当荣光覆灭，血脉逆流，昔日的存在将再度回归，一切都是毁灭！
背景无敌，我刀斩诸天,66.8万,（搞笑，热血，装逼，小白文，总之爽就完事了。）
浴火焚神,105.4万,喜欢看书玩游戏的大学青年刘潜，被诱拐到了异界，开始了一段奇思妙想和精彩纷呈的旅程故事~
师尊他只想当个废物,166.5万,［苟道流+无敌流+弟子养成+幕后黑手+反套路+信息差+非爽文］
诸界第一因,393.0万,浩瀚的世界重新焕发生机，远去的神魔即将归来。持一口暴食之鼎，法学生杨狱穿越而来，于边陲小镇睁眼看这似是而非的世界。他看到无垠大地之上，古老的王朝濒临末路，烽火中龙蛇四起。他看到连年征战，民不聊生。千户之地，瞬息尽成白地，万乘之国，弹指化作云烟。他看到有童子挥舞红绫舞动四海。他看到猎户立于山巅，弯弓向天。他看到巨人立地顶天，咆哮间，山河皆碎。他看到九霄云中仙神盘踞，谈笑间，沧海桑田。杨狱沉默、迷惘、压抑，直至，发出惊天怒吼：“大丈夫生当五鼎食，死亦五鼎烹！”“我这一生，绝不碌碌！”…………已有老书《诸天投影》《大道纪》，喜欢的朋友可以去看看。
开局抽到雷祖，隔壁圣女气得自爆,54.8万,【词条、多女主、天才】
我是杀毒软件,429.7万,我游走在黑暗与光明之间，杀戮是我的挚友，邪恶是我的仆从，白骨累累化作我的权杖，鲜血殷殷染红我的披风，阴冷双翼所过之处，死亡的哭号必将震天动地！我是死神，同时也是一个杀毒软件。（新书《全民远征：拯救修仙界》正式上传，恳请大家支持）（群：215053774）
万相之王,480.0万,天地间有万相，我李洛，终将成为那万相之王。
我的诡异人生,493.8万,末法之世，厉诡复苏，人间已是绝路。一块从已故双亲手里传下来的手表，让苏午得以穿梭过去未来。断绝于过去的古老传承、口口相传的禁忌、沦落于尘埃里的技艺，由此重新焕发生机。密藏域中，以经咒、供物、自我的躯壳系缚厉诡的法门；灶神教内，炼油称米油炸诡的技艺……薪火由此重燃，笼罩现在与未来的混沌谜团，被火光映照出些微轮廓……——新书《有诡》已肥可宰，点击作者头像直达！
废土指挥官,143.7万,这就是一本主角得到系统，在生化末世疯狂暴兵，生产飞机坦克，消灭丧尸，救好人和杀坏人的故事。读者群（746860067）
故障乌托邦,137.6万,改装金属义体，AI女友，脑内神经网络，赛博空间，这是一个拥有超高科技的世界，各种科技可以如同魔法般改变你的生活。虽然过去的绝症癌症在纳米医疗机器人面前不值一提，然而新的科技水平也会衍生各种各样的新问题，新麻烦，和新的…赛博精神病。“什么是资本主义啊？”孙杰克双手叉腰，身体后仰。
家族修仙：随机刷新一个仙缘情报,78.8万,【家族修仙+剑道+天才流+单女主+团结+杀伐果断+护短+经营发展+群像】
叱咤风云,227.0万,这是一个属于各种强大血脉战士的时代，有魔法，也有斗气的热血时代！热血无尽，一路前进不止！草根样的小人物，一样可以活出牛逼的光彩！
诡命游戏：建号就是诡仙怎么玩？,38.1万,【幕后】＋【群像】＋【诡异修仙】＋【双世界】＋【主角真无敌】
废黜十年疯皇子，归来陆地剑仙！,68.8万,【剑道、杀伐果断、争霸天下、无敌流、多女主不无脑】
我在异世封神,331.9万,穿越大汉朝。灵堂重生，赵福生一醒来发现自己身缠厉鬼，命不久矣。开局必死的情况下，她绝境逢生，重启封神榜。将厉鬼封神，重建幽冥。
